Acc_date,Customer,Department,Sum,Payment_date,Exec_date,Responsible,Payment_time,Exec_time,month
2024-02-22,Бизнес-центр,ВИК,63520.64,2024-05-07,2024-05-07,Яблоков,75.0,75.0,2024-02
2024-03-01,АМС,ВИК,57168.0,2024-03-01,2024-03-01,Яблоков,0.0,0.0,2024-03
2024-04-08,АМС,ОСС,48001.52,2024-04-08,2024-11-01,Мишин,0.0,207.0,2024-04
2024-04-08,АСН ОП АСЯ,ОСС,9627.75,2024-06-03,2024-06-03,Мишин,56.0,56.0,2024-04
2024-04-10,АМС ОП АМВО,ОЭЗиС,32304.0,2024-04-10,2024-04-10,Яблоков,0.0,0.0,2024-04
2024-04-10,АМС ОП АМВО,ОЭЗиС,13450.0,2024-04-10,2024-04-10,Яблоков,0.0,0.0,2024-04
2024-04-10,УК АГ,ОЭЗиС,237689.53,2024-04-11,2024-05-07,Кузьмин,1.0,27.0,2024-04
2024-04-11,АСН ОП АСЯ,ОСС,16542.86,2024-04-11,2024-04-11,Мишин,0.0,0.0,2024-04
2024-04-15,ААВ,ВИК,4500.0,2024-04-15,2024-04-15,Яблоков,0.0,0.0,2024-04
2024-04-18,АМС ОП АМВО,ОЭЗиС,120255.36,2024-04-05,2024-06-04,Кузьмин,-13.0,47.0,2024-04
2024-04-18,АСН ОП АСЯ,ОЭЗиС,3888600.0,2024-04-25,,Кузьмин,7.0,,2024-04
2024-04-22,Апарт-отель,ВИК,1364953.37,2024-04-23,2024-04-22,Яблоков,1.0,0.0,2024-04
2024-04-23,Стандарт движения,ВИК,213546.4,2024-04-24,2024-05-27,Яблоков,1.0,34.0,2024-04
2024-04-25,АСН,ОСС,338400.0,2024-04-25,2024-04-25,Мишин,0.0,0.0,2024-04
2024-04-27,АСН ОП АСЯ,ОЭЗиС,2066400.0,2024-05-05,,Кузьмин,8.0,,2024-04
2024-05-06,АМС ОП АМВО,ОЭЗиС,7116.0,2024-05-06,2024-05-06,Кузьмин,0.0,0.0,2024-05
2024-05-06,АСН,ВИК,183380.0,2024-06-17,2024-05-06,Яблоков,42.0,0.0,2024-05
2024-05-07,Бизнес-центр,ОЭЗиС,30000.0,2024-06-14,2024-06-11,Басов,38.0,35.0,2024-05
2024-05-07,УК АГ,ОЭЗиС,237689.54,2024-06-04,2024-05-07,Кузьмин,28.0,0.0,2024-05
2024-05-27,Бизнес-центр,ОЭЗиС,143710.0,2024-07-26,2024-05-27,Басов,60.0,0.0,2024-05
2024-05-27,Стандарт движения,ВИК,63000.0,2024-06-10,2024-05-27,Яблоков,14.0,0.0,2024-05
2024-05-27,Тех,ВИК,216000.0,2024-06-20,2024-05-27,Яблоков,24.0,0.0,2024-05
2024-05-28,Бизнес-центр,ОЭЗиС,20000.0,2024-05-28,2024-05-28,Басов,0.0,0.0,2024-05
2024-05-29,АСН,ОСС,53378.0,2024-05-31,2024-05-31,Мишин,2.0,2.0,2024-05
2024-05-29,Сервер,ОСС,6000.0,2024-06-26,2024-05-31,Мишин,28.0,2.0,2024-05
2024-05-29,Сервер,ОЭЗиС,5980.0,2024-06-04,2024-05-29,Басов,6.0,0.0,2024-05
2024-05-29,Сервер,ОЭЗиС,3910.0,2024-06-04,2024-05-29,Басов,6.0,0.0,2024-05
2024-06-11,Апарт-отель,ВИК,1425999.9,2024-06-14,2024-06-11,Яблоков,3.0,0.0,2024-06
2024-06-03,Бизнес-центр,ОЭЗиС,34560.0,2024-06-07,2024-06-03,Басов,4.0,0.0,2024-06
2024-06-03,КМТ,ВИК,225200.0,2024-06-20,2024-06-03,Яблоков,17.0,0.0,2024-06
2024-06-04,АСН,ОЭЗиС,8000.0,2024-06-05,2024-06-04,Кузьмин,1.0,0.0,2024-06
2024-05-31,АМС ОП АМВО,ОЭЗиС,345236.51,2024-06-07,2024-05-31,Кузьмин,7.0,0.0,2024-05
2024-04-18,АМС,ОЭЗиС,94585.35,2024-06-26,2024-06-20,Кузьмин,69.0,63.0,2024-04
2024-06-07,Мельница,ОСС,30176.42,2024-06-10,2024-06-07,Мишин,3.0,0.0,2024-06
2024-05-31,Бизнес-центр,ВИК,456000.0,2024-06-12,2024-05-31,Яблоков,12.0,0.0,2024-05
2024-06-10,АСН ОП АСЯ,ОЭЗиС,875400.0,2024-06-13,,Кузьмин,3.0,,2024-06
2024-06-11,Бизнес-центр,ОЭЗиС,741500.0,2024-06-14,2024-07-18,Басов,3.0,37.0,2024-06
2024-06-11,Бизнес-центр,ВИК,512767.28,2024-06-14,2024-07-10,Яблоков,3.0,29.0,2024-06
2024-06-10,Бизнес-центр,ОЭЗиС,297900.98,2024-06-14,2024-06-10,Кузьмин,4.0,0.0,2024-06
2024-06-07,Бизнес-центр,ОЭЗиС,158068.76,2024-06-14,2024-06-10,Басов,7.0,3.0,2024-06
2024-06-18,УК АГ,ВИК,43812.77,2024-07-03,2024-06-18,Яблоков,15.0,0.0,2024-06
2024-06-18,АМС ОП АМВО,ВИК,84887.24,2024-06-21,2024-06-18,Яблоков,3.0,0.0,2024-06
2024-06-18,Мельница,ВИК,32550.0,2024-06-28,2024-06-25,Яблоков,10.0,7.0,2024-06
2024-06-18,АСН,ВИК,4500.0,2024-06-26,2024-06-18,Яблоков,8.0,0.0,2024-06
2024-06-18,АСН ОП АСЯ,ВИК,5500.0,2024-06-26,2024-06-18,Яблоков,8.0,0.0,2024-06
2024-06-21,АМС ОП АМВО,ОЭЗиС,1586000.0,2024-06-26,2024-07-19,Кузьмин,5.0,28.0,2024-06
2024-06-19,АМС,ОЭЗиС,63816.72,2024-06-26,2024-06-19,Кузьмин,7.0,0.0,2024-06
2024-06-24,АМС ОП АМВО,ОЭЗиС,89124.24,2024-06-28,2024-06-24,Кузьмин,4.0,0.0,2024-06
2024-06-24,АМС,ВИК,62500.0,2024-07-03,2024-07-08,Яблоков,9.0,14.0,2024-06
2024-06-24,Бизнес-центр,ОЭЗиС,38506.0,2024-08-02,2024-08-02,Басов,39.0,39.0,2024-06
2024-06-27,АСН ОП АСЯ,ОСС,60044.5,2024-06-28,2024-07-16,Мишин,1.0,19.0,2024-06
2024-06-27,АМС ОП АМВО,ОЭЗиС,46800.0,2024-06-28,2024-07-12,Кузьмин,1.0,15.0,2024-06
2024-07-01,ВО 24ая линия,ВИК,25500.0,2024-07-02,2024-07-08,Яблоков,1.0,7.0,2024-07
2024-07-03,Формула,ВИК,43147.77,2024-07-22,2024-09-04,Яблоков,19.0,63.0,2024-07
2024-06-30,Апарт-отель,ВИК,2120904.24,2024-07-09,,Яблоков,9.0,,2024-06
2024-07-03,КМТ,ВИК,56562.5,2024-07-10,2024-07-10,Яблоков,7.0,7.0,2024-07
2024-07-08,АМС,ОЭЗиС,45600.0,2024-07-10,2024-07-08,Яблоков,2.0,0.0,2024-07
2024-07-08,АМС,ВИК,49250.0,2024-07-10,2024-07-08,Яблоков,2.0,0.0,2024-07
2024-07-09,Апарт-отель,ВИК,6100967.84,2024-07-10,,Яблоков,1.0,,2024-07
2024-07-09,Апарт-отель,ВИК,2549084.22,2024-07-10,,Яблоков,1.0,,2024-07
2024-07-09,АМС,ВИК,138000.0,2024-07-16,2024-07-09,Яблоков,7.0,0.0,2024-07
2024-07-10,Бизнес-центр,ВИК,113400.0,2024-07-16,2024-07-10,Яблоков,6.0,0.0,2024-07
2024-07-12,Формула,ОЭЗиС,8750.0,2024-08-30,2024-08-30,Басов,49.0,49.0,2024-07
2024-07-12,Бизнес-центр,ОЭЗиС,55467.8,2024-08-17,2024-08-15,Басов,36.0,34.0,2024-07
2024-07-17,Бизнес-центр,ОЭЗиС,1058672.27,2024-07-23,2024-07-17,Басов,6.0,0.0,2024-07
2024-07-18,АМС ОП АМВО,ВИК,20438.0,2024-07-23,2024-08-08,Яблоков,5.0,21.0,2024-07
2024-07-18,Формула,ОЭЗиС,128685.3,2024-08-30,2024-09-04,Яблоков,43.0,48.0,2024-07
2024-07-19,АМС ОП АМВО,ОЭЗиС,496997.78,2024-07-25,2024-07-19,Кузьмин,6.0,0.0,2024-07
2024-07-19,Бизнес-центр,ОЭЗиС,34560.0,2024-07-31,2024-07-22,Кузьмин,12.0,3.0,2024-07
2024-07-17,АСН,ОСС,190800.0,2024-07-30,2024-09-13,Мишин,13.0,58.0,2024-07
2024-07-22,АСН,ОСС,54018.4,2024-07-30,2024-09-13,Мишин,8.0,53.0,2024-07
2024-07-23,Бизнес-центр,ВИК,22000.0,2024-08-09,2024-08-09,Яблоков,17.0,17.0,2024-07
2024-07-17,АСН,ОСС,180000.0,2024-07-30,2024-09-13,Мишин,13.0,58.0,2024-07
2024-07-17,АСН,ОСС,356400.0,2024-07-30,2024-09-13,Мишин,13.0,58.0,2024-07
2024-07-17,АСН,ОСС,421200.0,2024-07-30,2024-10-07,Мишин,13.0,82.0,2024-07
2024-07-24,Бизнес-центр,ОЭЗиС,7430.0,2024-07-31,2024-07-24,Кузьмин,7.0,0.0,2024-07
2024-07-22,АМС,ОЭЗиС,64950.0,2024-08-07,2024-08-06,Кузьмин,16.0,15.0,2024-07
2024-07-29,АМС ОП АМВО,ОЭЗиС,16000.0,2024-07-30,2024-07-29,Кузьмин,1.0,0.0,2024-07
2024-07-12,Бизнес-центр,ОЭЗиС,32500.0,2024-08-11,2024-08-08,Басов,30.0,27.0,2024-07
2024-07-29,КМТ,ВИК,31000.0,2024-08-14,2024-07-29,Яблоков,16.0,0.0,2024-07
2024-07-29,АМС,ОЭЗиС,49750.0,2024-09-05,2024-08-07,Яблоков,38.0,9.0,2024-07
2024-07-31,Апарт-отель,ВИК,389613.84,,,Яблоков,,,2024-07
2024-07-31,АМС ОП АМВО,ОСС,47320.0,2024-08-01,2024-08-28,Мишин,1.0,28.0,2024-07
2024-07-31,Медтехника-1,ОСС,37336.17,2024-08-02,2024-08-15,Мишин,2.0,15.0,2024-07
2024-07-31,АМС ОП АМВО,ВИК,15084.0,2024-08-01,2024-07-31,Яблоков,1.0,0.0,2024-07
2024-08-01,АМС,ОЭЗиС,73200.0,2024-09-09,2024-09-04,Яблоков,39.0,34.0,2024-08
2024-08-02,Бизнес-центр,ОЭЗиС,38506.0,2024-08-07,2024-08-02,Басов,5.0,0.0,2024-08
2024-08-05,АМС ОП АМВО,ОЭЗиС,11500.0,2024-10-16,2024-08-05,Кузьмин,72.0,0.0,2024-08
2024-08-05,АМС ОП АМВО,ОЭЗиС,15000.0,2024-08-07,2024-08-05,Кузьмин,2.0,0.0,2024-08
2024-08-05,ААВ,ВИК,6000.0,2024-08-05,2024-09-04,Яблоков,0.0,30.0,2024-08
2024-08-06,АМС,ОЭЗиС,81016.0,2024-10-11,2024-09-23,Кузьмин,66.0,48.0,2024-08
2024-08-09,АМС ОП АМВО,ОЭЗиС,50327.73,2024-10-18,2024-10-17,Яблоков,70.0,69.0,2024-08
2024-08-13,Сервер,ОЭЗиС,112584.0,2024-09-12,2024-08-13,Басов,30.0,0.0,2024-08
2024-08-14,АМС ОП АМВО,ОЭЗиС,16000.0,2024-08-14,2024-08-14,Кузьмин,0.0,0.0,2024-08
2024-08-17,АСН ОП АСЯ,ОЭЗиС,5900.0,2024-08-17,2024-08-17,Кузьмин,0.0,0.0,2024-08
2024-08-17,Бизнес-центр,ОЭЗиС,134000.0,2024-08-18,2024-08-19,Кузьмин,1.0,2.0,2024-08
2024-08-19,АСН ОП АСЯ,ОСС,4435.2,2024-10-21,2024-10-01,Мишин,63.0,43.0,2024-08
2024-08-19,Бизнес-центр,ОЭЗиС,134000.0,2024-09-04,2024-08-19,Кузьмин,16.0,0.0,2024-08
2024-08-22,АМС ОП АМВО,ОЭЗиС,2750.0,2024-08-22,2024-08-22,Кузьмин,0.0,0.0,2024-08
2024-08-26,АСН ОП АСЯ,ВИК,8300.0,2024-08-27,2024-08-26,Кузьмин,1.0,0.0,2024-08
2024-08-30,Бизнес-центр,ОЭЗиС,34560.0,2024-08-30,2024-08-30,Басов,0.0,0.0,2024-08
2024-08-26,Формула,ОСС,2900.0,2024-09-20,2024-08-26,Мишин,25.0,0.0,2024-08
2024-08-30,Апарт-отель,ВИК,1556354.0,,,Яблоков,,,2024-08
2024-08-30,Апарт-отель,ВИК,796491.87,,,Яблоков,,,2024-08
2024-09-03,Бизнес-центр,ВИК,100573.8,2024-11-05,2024-11-05,Яблоков,63.0,63.0,2024-09
2024-09-04,Бизнес-центр,ОЭЗиС,12500.0,2024-09-11,2024-09-04,Басов,7.0,0.0,2024-09
2024-09-03,Апарт-отель,ВИК,278208.0,,2024-09-03,Яблоков,,0.0,2024-09
2024-09-03,АМС ОП АМВО,ОЭЗиС,9500.0,2024-09-10,2024-09-05,Басов,7.0,2.0,2024-09
2024-09-04,АМС ОП АМВО,ОЭЗиС,31000.0,2024-09-10,2024-09-04,Кузьмин,6.0,0.0,2024-09
2024-09-04,АМС ОП АМВО,ВИК,4500.0,2024-09-05,2024-09-04,Яблоков,1.0,0.0,2024-09
2024-09-06,АСН,ОСС,700454.44,2024-09-10,2024-10-07,Мишин,4.0,31.0,2024-09
2024-09-09,Сервер,ОЭЗиС,32860.25,2024-09-12,2024-10-02,Басов,3.0,23.0,2024-09
2024-09-10,Бизнес-центр,ОЭЗиС,14080.0,2024-09-11,2024-10-02,Басов,1.0,22.0,2024-09
2024-09-11,АМС,ОЭЗиС,78681.0,2024-09-13,2024-09-11,Кузьмин,2.0,0.0,2024-09
2024-09-13,АСН,ОСС,190800.0,2024-09-25,2024-09-13,Мишин,12.0,0.0,2024-09
2024-09-13,АСН,ОСС,180000.0,2024-09-25,2024-09-13,Мишин,12.0,0.0,2024-09
2024-09-13,АСН,ОСС,356400.0,2024-09-25,2024-09-13,Мишин,12.0,0.0,2024-09
2024-09-17,АСН ОП АСЯ,ОСС,16816.8,2024-09-17,2024-10-03,Мишин,0.0,16.0,2024-09
2024-09-17,АСН ОП АСЯ,ОСС,11183.04,2024-09-18,2024-10-03,Мишин,1.0,16.0,2024-09
2024-09-17,УМВД,ОЭЗиС,170000.0,2024-09-26,2024-09-17,Басов,9.0,0.0,2024-09
2024-09-18,Медтехника-1,ОСС,16964.29,2024-10-24,2024-09-18,Мишин,36.0,0.0,2024-09
2024-09-19,АМС ОП АМВО,ВИК,9850.0,2024-09-20,2024-09-19,Яблоков,1.0,0.0,2024-09
2024-09-19,АМС ОП АМВО,ОЭЗиС,7440.0,2024-10-21,2024-10-18,Яблоков,32.0,29.0,2024-09
2024-09-19,АСН ОП АСЯ,ВИК,19700.0,2024-09-24,2024-09-19,Яблоков,5.0,0.0,2024-09
2024-09-20,Бизнес-центр,ОЭЗиС,8151.29,2024-09-25,2024-09-24,Басов,5.0,4.0,2024-09
2024-09-20,Апарт-отель,ВИК,815661.83,,,Яблоков,,,2024-09
2024-09-20,Апарт-отель,ВИК,111926.01,,,Яблоков,,,2024-09
2024-09-20,Апарт-отель,ВИК,833652.8,,,Яблоков,,,2024-09
2024-09-24,Тектус.ИТ,ОСС,28500.0,2024-09-26,2024-10-02,Мишин,2.0,8.0,2024-09
2024-09-27,Тех,ОЭЗиС,20000.0,2024-10-17,2024-12-27,Яблоков,20.0,91.0,2024-09
2024-09-24,Поликлиника,ОЭЗиС,1274369.25,2024-10-10,2024-09-24,Кузьмин,16.0,0.0,2024-09
2024-10-02,КМТ,ВИК,9850.0,2024-10-02,2024-10-02,Яблоков,0.0,0.0,2024-10
2024-10-03,Бизнес-центр,ОЭЗиС,34560.0,2024-10-04,2024-10-03,Басов,1.0,0.0,2024-10
2024-10-03,Бизнес-центр,ОЭЗиС,64272.0,2024-10-07,2024-11-25,Басов,4.0,53.0,2024-10
2024-10-07,АСН,ОСС,421000.0,2024-10-24,2024-10-07,Мишин,17.0,0.0,2024-10
2024-10-07,АСН,ОСС,939150.38,2024-10-24,2024-10-07,Мишин,17.0,0.0,2024-10
2024-10-09,АМС,ОЭЗиС,21024.0,2024-10-30,2024-10-28,Яблоков,21.0,19.0,2024-10
2024-10-09,Поликлиника,ОЭЗиС,69800.0,2024-10-17,2024-10-09,Кузьмин,8.0,0.0,2024-10
2024-10-11,Телеком,ОЭЗиС,1084636.32,2024-10-21,2024-10-16,Кузьмин,10.0,5.0,2024-10
2024-10-16,Телеком,ОЭЗиС,723090.88,2024-10-22,2024-10-16,Кузьмин,6.0,0.0,2024-10
2024-10-17,АМС,ОЭЗиС,6480.0,2024-10-30,2024-11-18,Яблоков,13.0,32.0,2024-10
2024-10-18,Бизнес-центр,ОЭЗиС,6373.61,2024-10-28,2024-10-25,Басов,10.0,7.0,2024-10
2024-10-18,Фабрика,ОСС,957055.0,2024-11-02,2024-11-22,Мишин,15.0,35.0,2024-10
2024-10-21,АМС,ОСС,46392.5,2024-10-23,2024-11-29,Мишин,2.0,39.0,2024-10
2024-10-22,Тех,ВИК,182000.0,2024-11-22,2024-10-22,Яблоков,31.0,0.0,2024-10
2024-10-23,АСН,ОЭЗиС,285151.13,2024-12-04,2024-11-29,Кузьмин,42.0,37.0,2024-10
2024-10-23,АСН,ОСС,38440.0,2024-10-24,2024-10-25,Мишин,1.0,2.0,2024-10
2024-10-24,АСН,ВИК,39500.0,2024-11-22,2024-10-24,Яблоков,29.0,0.0,2024-10
2024-10-24,АМС ОП АМВО,ОЭЗиС,5000.0,2024-10-28,2024-10-24,Кузьмин,4.0,0.0,2024-10
2024-10-25,ААВ,ВИК,32500.0,2024-10-28,2024-10-28,Яблоков,3.0,3.0,2024-10
2024-10-28,АСН,ВИК,28200.0,2024-11-22,2024-11-14,Яблоков,25.0,17.0,2024-10
2024-10-28,Поликлиника,ОЭЗиС,98990.16,2024-10-28,2024-10-28,Кузьмин,0.0,0.0,2024-10
2024-10-29,Сити,ОСС,11200.0,2024-10-30,2024-10-29,Мишин,1.0,0.0,2024-10
2024-10-30,Сибгипробум,ОСС,56692.06,2024-10-30,2024-10-30,Мишин,0.0,0.0,2024-10
2024-11-06,АМС ОП АМВО,ОЭЗиС,10450.0,2024-11-06,2024-11-06,Басов,0.0,0.0,2024-11
2024-11-06,АМС,ОЭЗиС,4950.0,2024-11-06,2024-11-06,Басов,0.0,0.0,2024-11
2024-11-07,АСН ОП АСЯ,ВИК,118635.4,2024-11-10,2024-11-14,Яблоков,3.0,7.0,2024-11
2024-11-07,АМС,ОСС,60431.25,2024-11-14,2024-11-29,Мишин,7.0,22.0,2024-11
2024-11-08,Бизнес-центр,ОЭЗиС,23680.0,2024-11-12,2024-11-29,Басов,4.0,21.0,2024-11
2024-11-12,Бизнес-центр,ОЭЗиС,33920.0,2024-11-13,2024-11-12,Басов,1.0,0.0,2024-11
2024-11-15,АМС ОП АМВО,ОЭЗиС,20400.0,2024-12-04,2024-12-02,Яблоков,19.0,17.0,2024-11
2024-11-15,АСН ОП АСЯ,ОЭЗиС,42000.0,2024-11-14,2025-03-18,Кузьмин,-1.0,123.0,2024-11
2024-11-15,АСН,ОЭЗиС,42000.0,2024-11-14,2025-03-18,Кузьмин,-1.0,123.0,2024-11
2024-11-25,АСН,ОСС,12500.0,2024-11-27,2024-11-29,Мишин,2.0,4.0,2024-11
2024-11-25,АСН,ОЭЗиС,51600.0,2024-12-06,2024-12-02,Яблоков,11.0,7.0,2024-11
2024-11-25,АСН ОП АСЯ,ОСС,38900.88,2024-11-26,2024-12-04,Мишин,1.0,9.0,2024-11
2024-11-25,Бизнес-центр,ОЭЗиС,11401.51,2024-11-27,2024-12-04,Басов,2.0,9.0,2024-11
2024-11-25,Бизнес-центр,ОЭЗиС,12465.04,2024-11-27,2024-11-29,Басов,2.0,4.0,2024-11
2024-11-25,Сервер,ОСС,2500.0,2024-11-26,2024-12-11,Мишин,1.0,16.0,2024-11
2024-11-25,Фабрика,ОСС,957055.0,2024-12-02,2024-11-22,Мишин,7.0,-3.0,2024-11
2024-11-26,Сервер,ОСС,44750.0,2024-11-28,2024-12-11,Мишин,2.0,15.0,2024-11
2024-11-28,АМС,ОЭЗиС,24000.0,2024-11-29,2024-12-19,Кузьмин,1.0,21.0,2024-11
2024-12-02,АМС,ВИК,56000.0,2024-12-06,2024-12-02,Яблоков,4.0,0.0,2024-12
2024-12-02,АСН ОП АСЯ,ОЭЗиС,37130.34,2024-12-02,2024-12-25,Яблоков,0.0,23.0,2024-12
2024-12-02,АСН,ОЭЗиС,46346.16,2024-12-05,2024-12-04,Басов,3.0,2.0,2024-12
2024-12-03,Бизнес-центр,ОСС,30000.0,2024-12-09,2024-12-19,Мишин,6.0,16.0,2024-12
2024-12-05,АМС,ОЭЗиС,248366.77,2024-12-09,2024-12-20,Кузьмин,4.0,15.0,2024-12
2024-12-05,ВП-СТОУН,ВИК,12800.0,2024-12-06,2024-12-25,Яблоков,1.0,20.0,2024-12
2024-12-06,Бизнес-центр,ОЭЗиС,44800.0,2024-12-09,,Басов,3.0,,2024-12
2024-12-06,Бизнес-центр,ОЭЗиС,220000.0,2024-12-09,2024-12-23,Басов,3.0,17.0,2024-12
2024-12-09,Сервер,ВИК,39000.0,2024-12-09,2025-01-15,Яблоков,0.0,37.0,2024-12
2024-12-09,Сервер,ВИК,41800.0,2024-12-09,2025-01-24,Яблоков,0.0,46.0,2024-12
2024-12-09,Сервер,ОСС,44750.0,2024-12-09,2024-12-19,Мишин,0.0,10.0,2024-12
2024-12-09,АМС,ОСС,16692.5,2024-12-10,2024-12-19,Мишин,1.0,10.0,2024-12
2024-12-10,Сервер,ОСС,5000.0,2024-12-24,2024-12-11,Мишин,14.0,1.0,2024-12
2024-12-11,Юнилид,ОЭЗиС,29000.0,2024-12-16,2024-12-17,Яблоков,5.0,6.0,2024-12
2024-12-09,АМС,ОЭЗиС,29688.0,2024-12-16,2025-03-05,Кузьмин,7.0,86.0,2024-12
2024-12-16,АМС ОП АМВО,ОЭЗиС,528000.0,2024-12-18,,Кузьмин,2.0,,2024-12
2024-12-18,Апарт-отель,ВИК,51849.4,2025-01-16,2025-01-10,Яблоков,29.0,23.0,2024-12
2024-12-18,Мельница,ВИК,13980.0,2024-12-20,2024-12-25,Яблоков,2.0,7.0,2024-12
2024-12-20,АМС,ОЭЗиС,318276.71,2024-12-23,2024-12-20,Кузьмин,3.0,0.0,2024-12
2024-12-23,Бизнес-центр,ОЭЗиС,192812.55,2024-12-24,2024-12-23,Басов,1.0,0.0,2024-12
2024-12-24,УК АГ,ОСС,12692.5,2024-12-27,2024-12-25,Мишин,3.0,1.0,2024-12
2024-12-25,Бизнес-центр,ОЭЗиС,130000.0,2024-12-26,2025-01-10,Басов,1.0,16.0,2024-12
2024-12-25,Сезам,ОЭЗиС,5700.0,2024-12-26,2024-12-25,Кузьмин,1.0,0.0,2024-12
2024-12-26,АМС,ОЭЗиС,46300.0,2024-12-27,2024-12-27,Кузьмин,1.0,1.0,2024-12
2024-12-28,АМС,ОЭЗиС,29100.0,2025-01-10,2025-12-28,Кузьмин,13.0,365.0,2024-12
2025-01-09,Стоматология 20,ВИК,3900.0,2025-01-09,2025-01-31,Яблоков,0.0,22.0,2025-01
2025-01-09,Бизнес-центр,ОЭЗиС,11000.0,2025-01-14,2025-01-09,Басов,5.0,0.0,2025-01
2025-01-10,Бизнес-центр,ОЭЗиС,133310.08,2025-01-14,2025-01-10,Басов,4.0,0.0,2025-01
2025-01-10,Бизнес-центр,ОЭЗиС,25178.4,2025-01-14,2025-01-10,Басов,4.0,0.0,2025-01
2025-01-13,Сервер,ОЭЗиС,12160.0,2025-01-14,2025-01-13,Басов,1.0,0.0,2025-01
2025-01-13,Бизнес-центр,ОЭЗиС,1580810.76,2025-01-14,2025-03-14,Басов,1.0,60.0,2025-01
2025-01-15,АМС,ОЭЗиС,47504.09,2025-01-23,2025-01-31,Яблоков,8.0,16.0,2025-01
2025-01-15,Стоматология 20,ВИК,12800.0,2025-01-17,2025-01-31,Яблоков,2.0,16.0,2025-01
2025-01-17,Апарт-отель,ВИК,10000.0,2025-01-21,2025-01-31,Яблоков,4.0,14.0,2025-01
2025-01-17,Сервер,ВИК,29400.0,2025-01-21,2025-01-24,Яблоков,4.0,7.0,2025-01
2025-01-17,Сервер,ВИК,23620.0,2025-01-21,2025-03-12,Яблоков,4.0,54.0,2025-01
2025-01-20,Тех,ВИК,12000.0,2025-01-27,2025-01-31,Яблоков,7.0,11.0,2025-01
2025-01-20,Сервер,ОСС,10500.0,2025-01-21,2025-02-07,Мишин,1.0,18.0,2025-01
2025-01-22,АМС,ОЭЗиС,125624.83,2025-02-03,2025-03-06,Кузьмин,12.0,43.0,2025-01
2025-01-22,АМС ОП АМВО,ОСС,12392.5,2025-01-22,2025-01-31,Мишин,0.0,9.0,2025-01
2025-01-24,АМС,ОЭЗиС,540000.0,2025-02-10,2025-03-31,Кузьмин,17.0,66.0,2025-01
2025-01-24,АСН ОП АСЯ,ОСС,11392.5,2025-01-27,2025-02-07,Мишин,3.0,14.0,2025-01
2025-01-28,АМС,ОСС,8392.5,2025-02-26,2025-02-06,Мишин,29.0,9.0,2025-01
2025-01-30,Сервер,ОЭЗиС,30687.0,2025-01-30,2025-03-13,Басов,0.0,42.0,2025-01
2025-01-30,Сервер,ОЭЗиС,78625.4,2025-01-30,2025-03-13,Басов,0.0,42.0,2025-01
2025-01-31,АМС ОП АМВО,ОЭЗиС,68700.0,2025-01-31,2025-02-10,Кузьмин,0.0,10.0,2025-01
2025-02-03,Бизнес-центр,ОЭЗиС,25200.0,2025-02-03,2025-02-03,Басов,0.0,0.0,2025-02
2025-02-03,Бизнес-центр,ОЭЗиС,500000.0,2025-02-03,2025-03-14,Басов,0.0,39.0,2025-02
2025-02-03,МВН Киссолово,ВИК,230000.0,2025-02-03,2025-03-19,Яблоков,0.0,44.0,2025-02
2025-02-03,Сервер,ОСС,8440.77,2025-02-05,2025-02-07,Мишин,2.0,4.0,2025-02
2025-02-03,АСН ОП АСЯ,ОСС,12000.0,2025-02-03,2025-02-07,Мишин,0.0,4.0,2025-02
2025-02-03,Сервер,ВИК,84288.0,2025-02-06,2025-02-27,Яблоков,3.0,24.0,2025-02
2025-02-05,Сервер,ОЭЗиС,18500.0,2025-02-06,2025-03-12,Яблоков,1.0,35.0,2025-02
2025-02-10,АМС,ОСС,15375.0,2025-02-12,2025-02-25,Мишин,2.0,15.0,2025-02
2025-02-10,АМС,ОСС,33864.8,2025-02-12,2025-02-25,Мишин,2.0,15.0,2025-02
2025-02-14,Бизнес-центр,ОЭЗиС,9720.0,2025-02-18,2025-04-01,Басов,4.0,46.0,2025-02
2025-02-14,Сити,ОСС,107386.21,2025-02-18,2025-03-12,Мишин,4.0,26.0,2025-02
2025-02-17,Бизнес-центр,ОСС,15754.52,2025-02-20,2025-02-17,Мишин,3.0,0.0,2025-02
2025-02-18,Бизнес-центр,ОЭЗиС,100000.0,2025-02-18,2025-03-14,Басов,0.0,24.0,2025-02
2025-02-18,Сервер,ОЭЗиС,7500.0,2025-02-18,2025-03-13,Басов,0.0,23.0,2025-02
2025-02-20,АМС ОП АМВО,ОСС,14392.5,2025-02-20,2025-02-25,Мишин,0.0,5.0,2025-02
2025-02-28,АСН ОП АСЯ,ОЭЗиС,12000.0,2025-04-04,2025-03-03,Басов,35.0,3.0,2025-02
2025-03-04,АМС ОП АМВО,ОЭЗиС,19100.0,2025-03-04,2025-03-04,Кузьмин,0.0,0.0,2025-03
2025-03-04,Сервер,ВИК,25050.0,2025-04-03,2025-03-12,Яблоков,30.0,8.0,2025-03
2025-03-05,АМС ОП АМВО,ОЭЗиС,300000.0,2025-03-06,2025-03-19,Кузьмин,1.0,14.0,2025-03
2025-03-06,АМС,ОЭЗиС,54750.0,2025-03-13,2025-03-13,Кузьмин,7.0,7.0,2025-03
2025-03-06,АМС,ВИК,15000.0,2025-03-06,2025-03-06,Яблоков,0.0,0.0,2025-03
2025-03-06,АСН ОП АСЯ,ВИК,4500.0,,2025-03-06,Яблоков,,0.0,2025-03
2025-03-12,АМС ОП АМВО,ОСС,3180.0,2025-03-14,2025-03-14,Мишин,2.0,2.0,2025-03
2025-03-12,Сервер,ОСС,8405.1,2025-03-13,2025-03-17,Мишин,1.0,5.0,2025-03
2025-03-17,КМТ,ВИК,39540.4,2025-04-14,2025-03-17,Яблоков,28.0,0.0,2025-03
2025-03-17,КМТ,ВИК,41147.77,2025-04-14,2025-03-17,Яблоков,28.0,0.0,2025-03
2025-03-14,Бизнес-центр,ОЭЗиС,936864.16,2025-03-18,2025-03-14,Басов,4.0,0.0,2025-03
2025-03-17,Бизнес-центр,ОЭЗиС,42000.0,2025-03-18,2025-04-01,Басов,1.0,15.0,2025-03
2025-03-18,МВН Киссолово,ВИК,158830.0,2025-03-19,2025-03-19,Яблоков,1.0,1.0,2025-03
2025-03-19,АМС ОП АМВО,ОЭЗиС,470062.52,2025-03-21,2025-03-19,Кузьмин,2.0,0.0,2025-03
2025-03-19,Бизнес-центр,ВИК,54375.6,2025-04-01,2025-04-21,Яблоков,13.0,33.0,2025-03
2025-03-21,Сервер,ВИК,34500.0,2025-03-25,2025-04-02,Яблоков,4.0,12.0,2025-03
2025-03-24,Тех,ВИК,7500.0,2025-04-02,2025-04-02,Яблоков,9.0,9.0,2025-03
2025-03-27,АСН ОП АСЯ,ОСС,3500.0,2025-03-28,2025-03-27,Мишин,1.0,0.0,2025-03
2025-03-28,АМС,ОЭЗиС,8742.49,2025-04-01,2025-03-31,Кузьмин,4.0,3.0,2025-03
2025-03-28,Бизнес-центр,ВИК,71428.67,2025-04-03,2025-04-28,Яблоков,6.0,31.0,2025-03
2025-03-31,Бизнес-центр,ОЭЗиС,73400.0,2025-04-01,2025-03-31,Кузьмин,1.0,0.0,2025-03
2025-03-31,Бизнес-центр,ОСС,158668.57,2025-04-01,2025-04-24,Мишин,1.0,24.0,2025-03
2025-03-31,АМС,ОЭЗиС,468884.16,2025-04-04,2025-03-31,Кузьмин,4.0,0.0,2025-03
2025-04-02,АСН ОП АСЯ,ВИК,4500.0,2025-04-03,2025-04-02,Яблоков,1.0,0.0,2025-04
2025-04-02,АСН,ВИК,4500.0,2025-04-03,2025-04-02,Яблоков,1.0,0.0,2025-04
2025-04-07,АСН ОП АСЯ,ВИК,42432.0,2025-04-08,,Яблоков,1.0,,2025-04
2025-04-07,АМС,ВИК,97100.0,2025-04-08,2025-04-07,Яблоков,1.0,0.0,2025-04
2025-04-07,Бизнес-центр,ВИК,150000.0,2025-04-09,2025-04-28,Яблоков,2.0,21.0,2025-04
2025-04-09,УК АГ,ВИК,32366.67,2025-04-16,2025-04-09,Яблоков,7.0,0.0,2025-04
2025-04-09,АМС ОП АМВО,ВИК,64733.33,2025-04-10,2025-04-09,Яблоков,1.0,0.0,2025-04
2025-04-14,Фабрика,ОСС,12487.5,2025-04-22,2025-04-14,Мишин,8.0,0.0,2025-04
2025-04-17,АСН,ВИК,4000.0,2025-04-18,2025-04-18,Яблоков,1.0,1.0,2025-04
2025-04-18,Бизнес-центр,ОЭЗиС,,,,Басов,,,2025-04
2025-04-18,АМС,ОЭЗиС,83983.0,2025-05-07,2025-04-29,Кузьмин,19.0,11.0,2025-04
2025-04-18,Бизнес-центр,ОЭЗиС,600000.0,2025-04-23,,Басов,5.0,,2025-04
2025-04-21,АМС,ОЭЗиС,10500.0,2025-05-07,2025-04-22,Кузьмин,16.0,1.0,2025-04
2025-04-21,АМС,ОЭЗиС,20760.0,2025-05-07,2025-04-29,Кузьмин,16.0,8.0,2025-04
2025-04-21,Бизнес-центр,ВИК,38640.0,2025-04-23,2025-04-21,Яблоков,2.0,0.0,2025-04
2025-04-24,АСН,ВИК,25000.0,2025-05-07,2025-05-06,Яблоков,13.0,12.0,2025-04
2025-04-24,Бизнес-центр,ОСС,93750.0,,2025-04-24,Мишин,,0.0,2025-04
2025-04-28,Бизнес-центр,ВИК,4200.0,2025-05-05,2025-04-28,Яблоков,7.0,0.0,2025-04
2025-04-28,Бизнес-центр,ВИК,306700.0,2025-05-05,2025-04-28,Яблоков,7.0,0.0,2025-04
2025-04-28,АМС,ОЭЗиС,11300.0,2025-05-07,2025-04-28,Кузьмин,9.0,0.0,2025-04
2025-04-29,АМС,ОЭЗиС,23740.0,2025-05-07,2025-04-29,Кузьмин,8.0,0.0,2025-04
2025-04-29,АСН,ВИК,15000.0,,,Яблоков,,,2025-04
2025-04-29,Тех,ВИК,,,,Яблоков,,,2025-04
2025-05-05,ИП Танцурина,ОСС,11500.0,2025-05-07,,Мишин,2.0,,2025-05
2025-05-06,Бизнес-центр,ОЭЗиС,192000.0,,2025-05-06,Басов,,0.0,2025-05
2025-05-07,Сити,ОСС,4500.0,2025-05-07,,Мишин,0.0,,2025-05
2025-05-12,Торговые ряды,ОЭЗиС,29195.0,,,Кузьмин,,,2025-05
2025-05-07,АСН ОП АСЯ,ОЭЗиС,,,,Басов,,,2025-05
